{"_type":"export","__export_format":4,"__export_date":"2025-10-02T22:32:09.144Z","__export_source":"insomnia.desktop.app:v2023.5.8","resources":[{"_id":"req_cf7e9c3aae87435eafddd87fd54d3855","parentId":"fld_86c789b81ff74d4fb9f96d7254fcbced","modified":1759443966810,"created":1759179946618,"url":"http://localhost:8080/solicitacao-adocao","name":"Solicitacao De Adoção","description":"","method":"POST","body":{"mimeType":"application/json","text":"{\n\t\"dataSolicitacao\": \"2025-09-30T00:00:00\",\n\t\"motivacao\": \"Achei fofinho\",\n\t\"proprietarioId\": 4,\n\t\"animachadoId\": 1\n}"},"parameters":[],"headers":[{"name":"Content-Type","value":"application/json","id":"pair_ed0278e2c4e44e92877d756b8a3642c5"},{"name":"User-Agent","value":"insomnia/2023.5.8","id":"pair_5a8951cbca654c57b6f213c064ae05c3"},{"id":"pair_d2f3a76b7c984b0fbe61f86d917e8521","name":"Authorization","value":"Bearer eyJhbGciOiJIUzI1NiJ9.eyJyb2xlIjoiUFJPUFJJRVRBUklPIiwiaWQiOjQsInN1YiI6ImNhdWFfcHJvcHJpZXRhcmlvQGdtYWlsLmNvbSIsImlhdCI6MTc1OTQ0MzgxMSwiZXhwIjoxNzU5NTMwMjExfQ.eKVBttshx8_vPQqokXcgbYlOR0f3kNJHw3NS2Sjng8o ","description":""}],"authentication":{},"metaSortKey":-1759273921262,"isPrivate":false,"settingStoreCookies":true,"settingSendCookies":true,"settingDisableRenderRequestBody":false,"settingEncodeUrl":true,"settingRebuildPath":true,"settingFollowRedirects":"global","_type":"request"},{"_id":"fld_86c789b81ff74d4fb9f96d7254fcbced","parentId":"wrk_76da698735e9431081a17b190a4e09da","modified":1759273897589,"created":1759273897589,"name":"Proprietario","description":"","environment":{},"environmentPropertyOrder":null,"metaSortKey":-1759273897589,"_type":"request_group"},{"_id":"wrk_76da698735e9431081a17b190a4e09da","parentId":null,"modified":1759179942115,"created":1759179942115,"name":"PAWPROTETICARE","description":"","scope":"collection","_type":"workspace"},{"_id":"req_cc3e29d7f4db49a5858e4b1d40bacac3","parentId":"fld_86c789b81ff74d4fb9f96d7254fcbced","modified":1759444128280,"created":1759273975492,"url":"http://localhost:8080/proprietario/4/solicitacao-adocao","name":"Minhas Solicitações","description":"","method":"GET","body":{},"parameters":[],"headers":[{"name":"User-Agent","value":"insomnia/2023.5.8","id":"pair_5a8951cbca654c57b6f213c064ae05c3"},{"id":"pair_d2f3a76b7c984b0fbe61f86d917e8521","name":"Authorization","value":"Bearer eyJhbGciOiJIUzI1NiJ9.eyJyb2xlIjoiUFJPUFJJRVRBUklPIiwiaWQiOjQsInN1YiI6ImNhdWFfcHJvcHJpZXRhcmlvQGdtYWlsLmNvbSIsImlhdCI6MTc1OTQ0MzgxMSwiZXhwIjoxNzU5NTMwMjExfQ.eKVBttshx8_vPQqokXcgbYlOR0f3kNJHw3NS2Sjng8o","description":""}],"authentication":{},"metaSortKey":-1759090768940.5,"isPrivate":false,"settingStoreCookies":true,"settingSendCookies":true,"settingDisableRenderRequestBody":false,"settingEncodeUrl":true,"settingRebuildPath":true,"settingFollowRedirects":"global","_type":"request"},{"_id":"req_43a71f98154f41beab869b2977c3aca0","parentId":"fld_bef5f295f59a4f879a11a6ce1096e919","modified":1759278957267,"created":1759189579555,"url":"http://localhost:8080/animachado","name":"Novo Animal Achado","description":"","method":"POST","body":{"mimeType":"multipart/form-data","params":[{"name":"nome","value":"Antonieta","id":"pair_779e47f4cda44d5798593d08710b8663"},{"id":"pair_e0030f9207a9472ea35db5cd9ec054c9","name":"especie","value":"shitzu 2","description":""},{"id":"pair_66050f64d06e4e6bbd7ae1fdeb4de2d2","name":"historia","value":"pet encontrado na rua","description":""},{"id":"pair_9c1c94c8e1d4437f8ffd6d8dc2a9a306","name":"idade","value":"3","description":""},{"id":"pair_98f8f26773044184b973116012e4c412","name":"status","value":"AGUARDANDO_AVALIACAO","description":""},{"id":"pair_ffacc2044bcc4743b9349541878c6f9d","name":"imagem","value":"","description":"","type":"file","fileName":"C:\\Users\\rogerio_000590.FIEB\\Downloads\\shih-tzu.jpg"}]},"parameters":[],"headers":[{"name":"Content-Type","value":"multipart/form-data","id":"pair_85f92d6c9e1246a89e3ce6970b297d3d"},{"name":"User-Agent","value":"insomnia/2023.5.8","id":"pair_5ef94f04e3894a98974ca94ab8eea1b6"},{"id":"pair_c53f907ba00f426db7b8c57244991e37","name":"Authorization","value":"Bearer eyJhbGciOiJIUzI1NiJ9.eyJyb2xlIjoiQURNSU4iLCJpZCI6MSwic3ViIjoicm9nZXJpb19hZG1pbkBnbWFpbC5jb20iLCJpYXQiOjE3NTkyNzg5NDQsImV4cCI6MTc1OTM2NTM0NH0.LQjSSCI5ALs231jl5saseryXbgKZATiGoRDcoAO6EUI","description":""}],"authentication":{},"metaSortKey":-1759273930770,"isPrivate":false,"settingStoreCookies":true,"settingSendCookies":true,"settingDisableRenderRequestBody":false,"settingEncodeUrl":true,"settingRebuildPath":true,"settingFollowRedirects":"global","_type":"request"},{"_id":"fld_bef5f295f59a4f879a11a6ce1096e919","parentId":"wrk_76da698735e9431081a17b190a4e09da","modified":1759273882578,"created":1759273882578,"name":"Admin","description":"","environment":{},"environmentPropertyOrder":null,"metaSortKey":-1759273882578,"_type":"request_group"},{"_id":"req_fa2a5497a438431eb7b446cf247f5d64","parentId":"fld_bef5f295f59a4f879a11a6ce1096e919","modified":1759279676652,"created":1759238052362,"url":"http://localhost:8080/solicitacao-adocao","name":"Listar Solicitações de Adoção","description":"","method":"GET","body":{},"parameters":[],"headers":[{"name":"User-Agent","value":"insomnia/2023.5.8","id":"pair_5a8951cbca654c57b6f213c064ae05c3"},{"id":"pair_d2f3a76b7c984b0fbe61f86d917e8521","name":"Authorization","value":"Bearer eyJhbGciOiJIUzI1NiJ9.eyJyb2xlIjoiQURNSU4iLCJpZCI6MSwic3ViIjoicm9nZXJpb19hZG1pbkBnbWFpbC5jb20iLCJpYXQiOjE3NTkyNzg5NDQsImV4cCI6MTc1OTM2NTM0NH0.LQjSSCI5ALs231jl5saseryXbgKZATiGoRDcoAO6EUI","description":""}],"authentication":{},"metaSortKey":-1759273930670,"isPrivate":false,"settingStoreCookies":true,"settingSendCookies":true,"settingDisableRenderRequestBody":false,"settingEncodeUrl":true,"settingRebuildPath":true,"settingFollowRedirects":"global","_type":"request"},{"_id":"req_7c21f2f2a7044ccfbce46e0e8c174162","parentId":"wrk_76da698735e9431081a17b190a4e09da","modified":1759443352528,"created":1759181007999,"url":"http://localhost:8080/proprietario","name":"Novo Proprietario","description":"","method":"POST","body":{"mimeType":"application/json","text":"{\n\"nome\": \"Cauão Lopes\",\n\"email\": \"caua_proprietario@gmail.com\",\n\"password\": \"123\"\n}"},"parameters":[],"headers":[{"name":"Content-Type","value":"application/json"},{"name":"User-Agent","value":"insomnia/2023.5.8"}],"authentication":{},"metaSortKey":-1758907616619,"isPrivate":false,"settingStoreCookies":true,"settingSendCookies":true,"settingDisableRenderRequestBody":false,"settingEncodeUrl":true,"settingRebuildPath":true,"settingFollowRedirects":"global","_type":"request"},{"_id":"req_21ff2310f1354517a57bc407743f4367","parentId":"wrk_76da698735e9431081a17b190a4e09da","modified":1759236076630,"created":1759236058473,"url":"http://localhost:8080/doador","name":"Novo Doador","description":"","method":"POST","body":{"mimeType":"application/json","text":"{\n\"nome\": \"Rogério\",\n\"email\": \"rogerio_doador@gmail.com\",\n\"password\": \"123\"\n}"},"parameters":[],"headers":[{"name":"Content-Type","value":"application/json"},{"name":"User-Agent","value":"insomnia/2023.5.8"}],"authentication":{},"metaSortKey":-1758839534119.25,"isPrivate":false,"settingStoreCookies":true,"settingSendCookies":true,"settingDisableRenderRequestBody":false,"settingEncodeUrl":true,"settingRebuildPath":true,"settingFollowRedirects":"global","_type":"request"},{"_id":"req_86da0963175740f3b409ba3d50e9d68f","parentId":"wrk_76da698735e9431081a17b190a4e09da","modified":1759236101045,"created":1759236087136,"url":"http://localhost:8080/admin","name":"Novo Admin","description":"","method":"POST","body":{"mimeType":"application/json","text":"{\n\"nome\": \"Rogério\",\n\"email\": \"rogerio_admin@gmail.com\",\n\"password\": \"123\"\n}"},"parameters":[],"headers":[{"name":"Content-Type","value":"application/json"},{"name":"User-Agent","value":"insomnia/2023.5.8"}],"authentication":{},"metaSortKey":-1758805492869.375,"isPrivate":false,"settingStoreCookies":true,"settingSendCookies":true,"settingDisableRenderRequestBody":false,"settingEncodeUrl":true,"settingRebuildPath":true,"settingFollowRedirects":"global","_type":"request"},{"_id":"req_2613d0d7432f449888c3466c5a915fb9","parentId":"wrk_76da698735e9431081a17b190a4e09da","modified":1759443808036,"created":1759236478760,"url":"http://localhost:8080/auth/authenticate","name":"Login","description":"","method":"POST","body":{"mimeType":"application/json","text":"{\n\"email\": \"caua_proprietario@gmail.com\",\n\"password\": \"123\"\n}"},"parameters":[],"headers":[{"name":"Content-Type","value":"application/json"},{"name":"User-Agent","value":"insomnia/2023.5.8"}],"authentication":{},"metaSortKey":-1758737410369.625,"isPrivate":false,"settingStoreCookies":true,"settingSendCookies":true,"settingDisableRenderRequestBody":false,"settingEncodeUrl":true,"settingRebuildPath":true,"settingFollowRedirects":"global","_type":"request"},{"_id":"req_1fa5bf21db904836bb8f379e46919ebc","parentId":"wrk_76da698735e9431081a17b190a4e09da","modified":1759236778928,"created":1759236679148,"url":"http://localhost:8080/auth/logout","name":"Logout","description":"","method":"POST","body":{"mimeType":"application/json","text":"{\n\"email\": \"rogerio_admin@gmail.com\",\n\"password\": \"123\"\n}"},"parameters":[],"headers":[{"name":"Content-Type","value":"application/json","id":"pair_7ffc0020716e43de910831c3c7e20d7f"},{"name":"User-Agent","value":"insomnia/2023.5.8","id":"pair_7b711e5af8d845f1882c58c6d9e67696"},{"id":"pair_752c12f828e2431abe6f1fda0a55be2f","name":"Authorization","value":"Bearer eyJhbGciOiJIUzI1NiJ9.eyJyb2xlIjoiQURNSU4iLCJpZCI6Miwic3ViIjoicm9nZXJpb19hZG1pbkBnbWFpbC5jb20iLCJpYXQiOjE3NTkyMzY3MzYsImV4cCI6MTc1OTMyMzEzNn0.VuRRopiRddeqBuq2br2sETYXG2WJ2mlIz7eID1ts1yg","description":""}],"authentication":{},"metaSortKey":-1758720389744.6875,"isPrivate":false,"settingStoreCookies":true,"settingSendCookies":true,"settingDisableRenderRequestBody":false,"settingEncodeUrl":true,"settingRebuildPath":true,"settingFollowRedirects":"global","_type":"request"},{"_id":"env_6f8843b0ab431e6e742f14d593720d9e37a4b37c","parentId":"wrk_76da698735e9431081a17b190a4e09da","modified":1759179942127,"created":1759179942127,"name":"Base Environment","data":{},"dataPropertyOrder":null,"color":null,"isPrivate":false,"metaSortKey":1759179942127,"_type":"environment"},{"_id":"jar_6f8843b0ab431e6e742f14d593720d9e37a4b37c","parentId":"wrk_76da698735e9431081a17b190a4e09da","modified":1759179942131,"created":1759179942131,"name":"Default Jar","cookies":[],"_type":"cookie_jar"}]}